-----------------------------------------------------------
-- 1. STUDENTS (студенты) – 5 примеров
-----------------------------------------------------------
INSERT INTO students (name, email, password_hash) VALUES
('Алексей Сидоров', 'alexey.sidorov@example.com', 'hash_a1'),
('Екатерина Смирнова', 'ekaterina.smirnova@example.com', 'hash_a2'),
('Дмитрий Козлов', 'dmitry.kozlov@example.com', 'hash_a3'),
('Ольга Иванова', 'olga.ivanova@example.com', 'hash_a4'),
('Михаил Петров', 'mikhail.petrov@example.com', 'hash_a5');

-----------------------------------------------------------
-- 2. CARDS (карточки) – 5 примеров
-----------------------------------------------------------
INSERT INTO cards (question, answer) VALUES
('Что такое инкапсуляция?', 'Сокрытие внутренней реализации объекта.'),
('Что такое наследование?', 'Механизм создания нового класса на основе существующего.'),
('Что такое полиморфизм?', 'Способность объекта принимать разные формы.'),
('Что такое абстракция?', 'Выделение существенных характеристик объекта.'),
('Что такое рекурсия?', 'Функция, вызывающая сама себя.');

-----------------------------------------------------------
-- 5. KNOWLEDGES (знания) – 5 примеров
-----------------------------------------------------------
INSERT INTO knowledges (name, theory, description, start_date, end_date) VALUES
('ООП', 'Объектно-ориентированное программирование', 'Парадигма программирования', '2020-01-01 00:00:00', NULL),
('Базы данных', 'Реляционные базы данных', 'Структура для хранения информации', '2019-06-01 00:00:00', NULL),
('Алгоритмы', 'Методы решения задач', 'Основы алгоритмов и структур данных', '2021-03-15 00:00:00', NULL),
('Сетевые технологии', 'Основы сетей', 'Протоколы и архитектура компьютерных сетей', '2021-09-01 00:00:00', NULL),
('Безопасность', 'Кибербезопасность', 'Защита информации и систем', '2022-01-01 00:00:00', NULL);

-----------------------------------------------------------
-- 7. COLLECTIONS (коллекции) – 2 примера (исключаем по 5)
-----------------------------------------------------------
INSERT INTO collections (name, description) VALUES
('Программирование', 'Коллекция карточек по программированию'),
('Информационные технологии', 'Карточки по IT-тематике');

-----------------------------------------------------------
-- 9. COURSES (курсы) – 5 примеров
-----------------------------------------------------------
INSERT INTO courses (name, description) VALUES
('Основы программирования', 'Введение в программирование'),
('Продвинутые базы данных', 'Углубленный курс по СУБД'),
('Алгоритмы и структуры данных', 'Изучение алгоритмов и структур данных'),
('Сетевые технологии', 'Основы компьютерных сетей'),
('Кибербезопасность', 'Основы защиты информации');

-----------------------------------------------------------
-- 11. TAGS (теги) – 5 примеров
-----------------------------------------------------------
INSERT INTO tags (name) VALUES
('ООП'),
('Базы данных'),
('Алгоритмы'),
('Сети'),
('Безопасность');

-----------------------------------------------------------
-- 3. STUDENTS_CARDS (прохождение карточек студентами) – 5 примеров
-----------------------------------------------------------
INSERT INTO students_cards (student_id, card_id, mark) VALUES
(1, 1, 9),
(2, 2, 8),
(3, 3, 7),
(4, 4, 10),
(5, 5, 6);

-----------------------------------------------------------
-- 4. STUDENTS_KNOWLEDGES (общие знания студентов) – 5 примеров
-----------------------------------------------------------
INSERT INTO students_knowledges (student_id, knowledge_id, quality) VALUES
(1, 1, 80),
(2, 2, 85),
(3, 3, 75),
(4, 4, 90),
(5, 5, 70);

-----------------------------------------------------------
-- 6. CARDS_KNOWLEDGES (знания в карточках) – 5 примеров
-----------------------------------------------------------
INSERT INTO cards_knowledges (card_id, knowledge_id) VALUES
(1, 1),  -- «Инкапсуляция» → ООП
(2, 1),  -- «Наследование» → ООП
(3, 1),  -- «Полиморфизм» → ООП
(4, 2),  -- «Абстракция» → Базы данных (для примера)
(5, 3);  -- «Рекурсия» → Алгоритмы

-----------------------------------------------------------
-- 8. KNOWLEDGES_COLLECTIONS (знания в коллекциях) – 5 примеров
-----------------------------------------------------------
INSERT INTO knowledges_collections (knowledge_id, collection_id) VALUES
(1, 1),
(2, 1),
(3, 2),
(4, 2),
(5, 1);

-----------------------------------------------------------
-- 10. COURSES_CARDS (карточки, связанные с курсом) – 5 примеров
-----------------------------------------------------------
INSERT INTO courses_cards (course_id, card_id) VALUES
(1, 1),
(2, 2),
(3, 3),
(4, 4),
(5, 5);

-----------------------------------------------------------
-- 12. TAGS_COURSES (теги для курсов) – 5 примеров
-----------------------------------------------------------
INSERT INTO tags_courses (tag_id, course_id) VALUES
(1, 1),
(2, 2),
(3, 3),
(4, 4),
(5, 5);

-----------------------------------------------------------
-- 13. TAGS_COLLECTIONS (теги для коллекций) – 5 примеров
-----------------------------------------------------------
INSERT INTO tags_collections (tag_id, collection_id) VALUES
(1, 1),
(2, 1),
(3, 2),
(4, 2),
(5, 1);

-----------------------------------------------------------
-- 14. COURSES_FINAL_KNOWLEDGES (итоговый уровень знаний после курса) – 5 примеров
-----------------------------------------------------------
INSERT INTO courses_final_knowledges (course_id, knowledge_id, quality) VALUES
(1, 'ООП', 85),
(2, 'Базы данных', 90),
(3, 'Алгоритмы', 80),
(4, 'Сетевые технологии', 75),
(5, 'Безопасность', 95);

-----------------------------------------------------------
-- 15. COURSES_REQUIRED_KNOWLEDGES (требуемый уровень знаний для курса) – 5 примеров
-----------------------------------------------------------
INSERT INTO courses_required_knowledges (course_id, knowledge_id, quality) VALUES
(1, 'ООП', 60),
(2, 'Базы данных', 70),
(3, 'Алгоритмы', 65),
(4, 'Сетевые технологии', 50),
(5, 'Безопасность', 80);
